"","Date","Cases","Deaths","case_fatality","attack_rate","COD","newcases"
"1",2017-05-22,9216,33,0.4,2.79,"Amanat Al Asimah",9216
"2",2017-05-22,4664,42,0.9,2.1,"Hajjah",4664
"3",2017-05-22,3815,39,1,3.05,"Sana'a",3815
"4",2017-05-22,3743,45,1.2,2.45,"Amran",3743
"5",2017-05-22,2486,34,1.4,3.27,"Al Mahwit",2486
"6",2017-05-22,1791,23,1.3,0.59,"Taizz",1791
"7",2017-05-22,1617,33,2,0.76,"Dhamar",1617
"8",2017-05-22,1498,6,0.4,1.95,"Al Bayda",1498
"9",2017-05-22,1401,8,0.6,1.86,"Al Dhale'e",1401
"10",2017-05-22,1397,32,2.3,0.42,"Al Hudaydah",1397
"11",2017-05-22,1378,37,2.7,0.45,"Ibb",1378
"12",2017-05-22,1068,10,0.9,1.75,"Abyan",1068
"13",2017-05-22,549,4,0.7,0.87,"Raymah",549
"14",2017-05-22,489,12,2.5,0.51,"Aden",489
"15",2017-05-22,189,3,1.6,0.29,"Al Jawf",189
"16",2017-05-22,168,0,0,0.16,"Lahj",168
"17",2017-05-22,2,0,0,0.01,"Marib",2
"18",2017-05-27,12544,36,0.3,3.79,"Amanat Al Asimah",3328
"19",2017-05-27,5980,62,1,2.69,"Hajjah",1316
"20",2017-05-27,5972,57,1,3.9,"Amran",2229
"21",2017-05-27,5383,46,0.9,4.3,"Sana'a",1568
"22",2017-05-27,3594,45,1.3,4.72,"Al Mahwit",1108
"23",2017-05-27,3394,30,0.9,1.12,"Taizz",1603
"24",2017-05-27,2536,8,0.3,3.29,"Al Bayda",1038
"25",2017-05-27,2507,41,1.6,1.18,"Dhamar",890
"26",2017-05-27,2463,40,1.6,0.74,"Al Hudaydah",1066
"27",2017-05-27,2177,57,2.6,0.71,"Ibb",799
"28",2017-05-27,1919,9,0.5,2.55,"Al Dhale'e",518
"29",2017-05-27,1365,15,1.1,2.23,"Abyan",297
"30",2017-05-27,793,12,1.5,0.83,"Aden",304
"31",2017-05-27,761,8,1.1,1.2,"Raymah",212
"32",2017-05-27,328,1,0.3,0.31,"Lahj",160
"33",2017-05-27,271,3,1.1,0.42,"Al Jawf",82
"34",2017-05-27,86,0,0,0.1,"Sa'ada",86
"35",2017-05-27,59,1,1.7,0.16,"Marib",57
"36",2017-05-27,8,0,0,0.01,"Shabwah",8
"37",2017-05-30,13700,36,0.3,4.14,"Amanat Al Asimah",1156
"38",2017-05-30,7143,70,1,3.22,"Hajjah",1163
"39",2017-05-30,6977,76,1.1,4.56,"Amran",1005
"40",2017-05-30,6865,41,0.6,2.05,"Al Hudaydah",4402
"41",2017-05-30,6224,50,0.8,4.98,"Sana'a",841
"42",2017-05-30,4246,50,1.2,1.45,"Al Mahwit",652
"43",2017-05-30,4399,38,0.9,5.58,"Taizz",1005
"44",2017-05-30,3033,44,1.5,4.07,"Dhamar",526
"45",2017-05-30,3136,11,0.4,1.43,"Al Bayda",600
"46",2017-05-30,2371,11,0.5,0.84,"Al Dhale'e",452
"47",2017-05-30,2567,57,2.2,3.15,"Ibb",390
"48",2017-05-30,1587,16,1,2.6,"Abyan",222
"49",2017-05-30,1171,16,1.4,1.22,"Aden",378
"50",2017-05-30,902,9,1,1.42,"Raymah",141
"51",2017-05-30,471,2,0.4,0.45,"Lahj",143
"52",2017-05-30,334,4,1.2,0.51,"Al Jawf",63
"53",2017-05-30,114,1,0.9,0.32,"Marib",55
"54",2017-05-30,106,0,0,0.12,"Sa'ada",20
"55",2017-05-30,11,0,0,0.02,"Shabwah",3
"56",2017-06-04,16386,37,0.2,4.95,"Amanat Al Asimah",2686
"57",2017-06-04,9864,102,1,4.44,"Hajjah",2721
"58",2017-06-04,9500,90,0.9,6.21,"Amran",2523
"59",2017-06-04,9330,59,0.6,2.79,"Al Hudaydah",2465
"60",2017-06-04,7992,56,0.7,6.39,"Sana'a",1768
"61",2017-06-04,5608,48,0.9,1.85,"Taizz",1209
"62",2017-06-04,5514,63,1.1,7.25,"Al Mahwit",1268
"63",2017-06-04,4274,85,2,1.39,"Ibb",1707
"64",2017-06-04,4060,52,1.3,1.91,"Dhamar",1027
"65",2017-06-04,3837,13,0.3,4.98,"Al Bayda",701
"66",2017-06-04,2960,23,0.8,3.09,"Aden",1789
"67",2017-06-04,2802,14,0.5,3.72,"Al Dhale'e",431
"68",2017-06-04,1920,16,0.8,3.14,"Abyan",333
"69",2017-06-04,1141,15,1.3,1.8,"Raymah",239
"70",2017-06-04,520,2,0.4,0.49,"Lahj",49
"71",2017-06-04,433,5,1.2,0.67,"Al Jawf",99
"72",2017-06-04,151,1,0.7,0.42,"Marib",37
"73",2017-06-04,118,0,0,0.13,"Sa'ada",12
"74",2017-06-04,12,0,0,0.02,"Shabwah",1
"75",2017-06-07,18887,39,0.2,5.71,"Amanat Al Asimah",2501
"76",2017-06-07,11224,130,1.2,5.06,"Hajjah",1360
"77",2017-06-07,11128,74,0.7,3.33,"Al Hudaydah",1798
"78",2017-06-07,11124,94,0.8,7.27,"Amran",1624
"79",2017-06-07,9194,59,0.6,7.35,"Sana'a",1202
"80",2017-06-07,7227,55,0.8,2.38,"Taizz",1619
"81",2017-06-07,6196,68,1.1,8.14,"Al Mahwit",682
"82",2017-06-07,6041,111,1.8,1.97,"Ibb",1767
"83",2017-06-07,4845,55,1.1,2.28,"Dhamar",785
"84",2017-06-07,4250,14,0.3,5.52,"Al Bayda",413
"85",2017-06-07,3428,19,0.6,4.55,"Al Dhale'e",626
"86",2017-06-07,2961,23,0.8,3.1,"Aden",1
"87",2017-06-07,2171,17,0.8,3.55,"Abyan",251
"88",2017-06-07,1525,25,1.6,2.41,"Raymah",384
"89",2017-06-07,724,5,0.7,0.69,"Lahj",204
"90",2017-06-07,513,5,1,0.79,"Al Jawf",80
"91",2017-06-07,245,1,0.4,0.68,"Marib",94
"92",2017-06-07,125,0,0,0.14,"Sa'ada",7
"93",2017-06-07,12,0,0,0.02,"Shabwah",0
"94",2017-06-10,21538,41,0.2,6.51,"Amanat Al Asimah",2651
"95",2017-06-10,14107,87,0.6,4.22,"Al Hudaydah",2979
"96",2017-06-10,13279,146,1.1,5.98,"Hajjah",2055
"97",2017-06-10,13148,105,0.8,8.59,"Amran",2024
"98",2017-06-10,10963,69,0.6,8.76,"Sana'a",1769
"99",2017-06-10,9172,68,0.7,3.02,"Taizz",1945
"100",2017-06-10,8623,129,1.5,2.81,"Ibb",2582
"101",2017-06-10,7126,70,1,9.37,"Al Mahwit",930
"102",2017-06-10,6031,60,1,2.84,"Dhamar",1186
"103",2017-06-10,4933,18,0.4,6.41,"Al Bayda",683
"104",2017-06-10,4700,25,0.5,6.24,"Al Dhale'e",1272
"105",2017-06-10,3648,31,0.8,3.81,"Aden",687
"106",2017-06-10,2480,21,0.8,4.06,"Abyan",309
"107",2017-06-10,2099,37,1.8,3.31,"Raymah",574
"108",2017-06-10,1042,8,0.8,0.99,"Lahj",318
"109",2017-06-10,618,7,1.1,0.95,"Al Jawf",105
"110",2017-06-10,295,1,0.3,0.82,"Marib",50
"111",2017-06-10,136,0,0,0.15,"Sa'ada",11
"112",2017-06-10,46,0,0,0.28,"Al Maharah",46
"113",2017-06-10,18,0,0,0.03,"Shabwah",6
"114",2017-06-12,22113,42,0.2,6.68,"Amanat Al Asimah",575
"115",2017-06-12,14729,87,0.6,4.4,"Al Hudaydah",622
"116",2017-06-12,13828,106,0.8,9.04,"Amran",680
"117",2017-06-12,13626,146,1.1,6.14,"Hajjah",347
"118",2017-06-12,11142,69,0.6,8.91,"Sana'a",179
"119",2017-06-12,9711,73,0.8,3.2,"Taizz",539
"120",2017-06-12,9490,134,1.4,3.1,"Ibb",867
"121",2017-06-12,7405,70,0.9,9.73,"Al Mahwit",279
"122",2017-06-12,6314,61,1,2.98,"Dhamar",283
"123",2017-06-12,5048,18,0.4,6.55,"Al Bayda",115
"124",2017-06-12,4857,26,0.5,6.45,"Al Dhale'e",157
"125",2017-06-12,3648,31,0.8,3.81,"Aden",0
"126",2017-06-12,2611,21,0.8,4.27,"Abyan",131
"127",2017-06-12,2257,41,1.8,3.56,"Raymah",158
"128",2017-06-12,1239,8,0.6,1.18,"Lahj",197
"129",2017-06-12,646,8,1.2,1,"Al Jawf",28
"130",2017-06-12,319,1,0.3,0.89,"Marib",24
"131",2017-06-12,138,0,0,0.16,"Sa'ada",2
"132",2017-06-12,46,0,0,0.28,"Al Maharah",0
"133",2017-06-12,18,0,0,0.03,"Shabwah",0
"134",2017-06-13,22661,47,0.2,6.85,"Amanat Al Asimah",548
"135",2017-06-13,15642,94,0.6,4.68,"Al Hudaydah",913
"136",2017-06-13,14453,146,1,6.51,"Hajjah",827
"137",2017-06-13,14350,109,0.8,9.38,"Amran",522
"138",2017-06-13,11836,71,0.6,9.46,"Sana'a",694
"139",2017-06-13,10710,77,0.7,3.53,"Taizz",999
"140",2017-06-13,9996,136,1.4,3.26,"Ibb",506
"141",2017-06-13,7634,70,0.9,10.04,"Al Mahwit",229
"142",2017-06-13,6555,67,1,3.09,"Dhamar",241
"143",2017-06-13,5247,18,0.3,6.81,"Al Bayda",199
"144",2017-06-13,5030,29,0.6,6.68,"Al Dhale'e",173
"145",2017-06-13,3648,31,0.8,3.81,"Aden",0
"146",2017-06-13,2675,21,0.8,4.38,"Abyan",64
"147",2017-06-13,2281,41,1.8,3.6,"Raymah",24
"148",2017-06-13,1241,8,0.6,1.18,"Lahj",2
"149",2017-06-13,687,8,1.2,1.06,"Al Jawf",41
"150",2017-06-13,335,1,0.3,0.93,"Marib",16
"151",2017-06-13,138,0,0,0.16,"Sa'ada",0
"152",2017-06-13,70,0,0,0.43,"Al Maharah",24
"153",2017-06-13,18,0,0,0.03,"Shabwah",0
"154",2017-06-14,23436,47,0.2,7.08,"Amanat Al Asimah",775
"155",2017-06-14,16467,95,0.6,4.92,"Al Hudaydah",825
"156",2017-06-14,14937,112,0.7,9.76,"Amran",587
"157",2017-06-14,14466,146,1,6.52,"Hajjah",13
"158",2017-06-14,12225,73,6,9.77,"Sana'a",389
"159",2017-06-14,11264,79,0.7,3.71,"Taizz",554
"160",2017-06-14,10323,138,1.3,3.37,"Ibb",327
"161",2017-06-14,7815,72,0.9,10.27,"Al Mahwit",181
"162",2017-06-14,6847,69,1,3.23,"Dhamar",292
"163",2017-06-14,5477,18,0.3,7.11,"Al Bayda",230
"164",2017-06-14,5107,29,0.6,6.78,"Al Dhale'e",77
"165",2017-06-14,3649,31,0.8,3.81,"Aden",1
"166",2017-06-14,2771,21,0.8,4.53,"Abyan",96
"167",2017-06-14,2546,42,1.6,4.02,"Raymah",265
"168",2017-06-14,1476,8,0.5,1.4,"Lahj",235
"169",2017-06-14,718,8,1.1,1.11,"Al Jawf",31
"170",2017-06-14,357,1,0.3,0.99,"Marib",22
"171",2017-06-14,139,0,0,0.16,"Sa'ada",1
"172",2017-06-14,78,0,0,0.48,"Al Maharah",8
"173",2017-06-14,18,0,0,0.03,"Shabwah",0
"174",2017-06-17,26126,49,0.2,7.9,"Amanat Al Asimah",2690
"175",2017-06-17,19181,106,0.6,5.73,"Al Hudaydah",2714
"176",2017-06-17,16832,115,0.7,11,"Amran",1895
"177",2017-06-17,16655,181,1.1,7.5,"Hajjah",2189
"178",2017-06-17,13690,78,0.6,10.94,"Sana'a",1465
"179",2017-06-17,12655,91,0.7,4.17,"Taizz",1391
"180",2017-06-17,11911,151,1.3,3.89,"Ibb",1588
"181",2017-06-17,8535,77,0.9,11.22,"Al Mahwit",720
"182",2017-06-17,8082,80,1,3.81,"Dhamar",1235
"183",2017-06-17,5999,31,0.5,7.96,"Al Dhale'e",892
"184",2017-06-17,5963,18,0.3,7.74,"Al Bayda",486
"185",2017-06-17,4484,37,0.8,4.69,"Aden",835
"186",2017-06-17,3094,21,0.7,5.06,"Abyan",323
"187",2017-06-17,2688,45,1.7,4.24,"Raymah",142
"188",2017-06-17,1586,8,0.5,1.51,"Lahj",110
"189",2017-06-17,796,9,1.1,1.23,"Al Jawf",78
"190",2017-06-17,407,3,0.7,1.13,"Marib",50
"191",2017-06-17,158,0,0,0.18,"Sa'ada",19
"192",2017-06-17,100,0,0,0.62,"Al Maharah",22
"193",2017-06-17,18,0,0,0.03,"Shabwah",0
"194",2017-06-18,27134,51,0.2,8.2,"Amanat Al Asimah",1008
"195",2017-06-18,20182,110,0.5,6.03,"Al Hudaydah",1001
"196",2017-06-18,17561,120,0.7,11.48,"Amran",729
"197",2017-06-18,17431,181,1,7.85,"Hajjah",776
"198",2017-06-18,14149,83,0.6,11.31,"Sana'a",459
"199",2017-06-18,13194,92,0.7,4.35,"Taizz",539
"200",2017-06-18,12832,163,1.3,4.19,"Ibb",921
"201",2017-06-18,8822,77,0.9,11.6,"Al Mahwit",287
"202",2017-06-18,8489,81,1,4,"Dhamar",407
"203",2017-06-18,6802,36,0.5,9.03,"Al Dhale'e",803
"204",2017-06-18,5963,18,0.3,7.74,"Al Bayda",0
"205",2017-06-18,4699,37,0.8,4.91,"Aden",215
"206",2017-06-18,3194,21,0.7,5.22,"Abyan",100
"207",2017-06-18,3019,55,1.8,4.76,"Raymah",331
"208",2017-06-18,1900,8,0.4,1.81,"Lahj",314
"209",2017-06-18,841,9,1.1,1.3,"Al Jawf",45
"210",2017-06-18,456,3,0.7,1.27,"Marib",49
"211",2017-06-18,163,0,0,0.18,"Sa'ada",5
"212",2017-06-18,110,1,0.9,0.68,"Al Maharah",10
"213",2017-06-18,35,0,0,0.05,"Shabwah",17
"214",2017-06-19,27825,51,0.2,8.4,"Amanat Al Asimah",691
"215",2017-06-19,21025,112,0.5,6.3,"Al Hudaydah",843
"216",2017-06-19,18311,123,0.7,12,"Amran",750
"217",2017-06-19,17439,181,1,7.9,"Hajjah",8
"218",2017-06-19,14646,83,0.6,11.7,"Sana'a",497
"219",2017-06-19,13532,99,0.7,4.5,"Taizz",338
"220",2017-06-19,13383,171,1.3,4.4,"Ibb",551
"221",2017-06-19,9116,77,0.8,12,"Al Mahwit",294
"222",2017-06-19,8902,84,0.9,4.2,"Dhamar",413
"223",2017-06-19,7041,36,0.5,9.3,"Al Dhale'e",239
"224",2017-06-19,6085,18,0.3,7.9,"Al Bayda",122
"225",2017-06-19,5053,38,0.8,5.3,"Aden",354
"226",2017-06-19,3304,21,0.6,5.4,"Abyan",110
"227",2017-06-19,3024,55,1.8,4.8,"Raymah",5
"228",2017-06-19,1925,8,0.4,1.8,"Lahj",25
"229",2017-06-19,856,9,1.1,1.3,"Al Jawf",15
"230",2017-06-19,485,3,0.6,1.3,"Marib",29
"231",2017-06-19,164,0,0,0.2,"Sa'ada",1
"232",2017-06-19,123,1,0.8,0.8,"Al Maharah",13
"233",2017-06-19,47,0,0,0.1,"Shabwah",12
"234",2017-06-20,29229,52,0.2,8.8,"Amanat Al Asimah",1404
"235",2017-06-20,21938,117,0.5,6.6,"Al Hudaydah",913
"236",2017-06-20,19147,127,0.7,12.5,"Amran",836
"237",2017-06-20,18715,186,1,8.4,"Hajjah",1276
"238",2017-06-20,15040,86,0.6,12,"Sana'a",394
"239",2017-06-20,14113,102,0.7,4.7,"Taizz",581
"240",2017-06-20,13865,174,1.3,4.5,"Ibb",482
"241",2017-06-20,9340,85,0.9,4.4,"Dhamar",438
"242",2017-06-20,9214,77,0.8,12.1,"Al Mahwit",98
"243",2017-06-20,7201,38,0.5,9.6,"Al Dhale'e",160
"244",2017-06-20,6087,18,0.3,7.9,"Al Bayda",2
"245",2017-06-20,5272,39,0.7,5.5,"Aden",219
"246",2017-06-20,3305,21,0.6,5.4,"Abyan",1
"247",2017-06-20,3199,58,1.8,5,"Raymah",175
"248",2017-06-20,2138,12,0.6,2,"Lahj",213
"249",2017-06-20,905,9,1,1.4,"Al Jawf",49
"250",2017-06-20,485,3,0.6,1.3,"Marib",0
"251",2017-06-20,165,0,0,0.2,"Sa'ada",1
"252",2017-06-20,139,1,0.7,0.9,"Al Maharah",16
"253",2017-06-20,51,0,0,0.1,"Shabwah",4
"254",2017-06-21,30178,53,0.2,9.1,"Amanat Al Asimah",949
"255",2017-06-21,22894,125,0.5,6.8,"Al Hudaydah",956
"256",2017-06-21,19965,129,0.6,13.1,"Amran",818
"257",2017-06-21,18951,187,1,8.5,"Hajjah",236
"258",2017-06-21,15251,87,0.6,12.2,"Sana'a",211
"259",2017-06-21,14513,108,0.7,4.8,"Taizz",400
"260",2017-06-21,14088,178,1.3,4.6,"Ibb",223
"261",2017-06-21,9815,86,0.9,4.6,"Dhamar",475
"262",2017-06-21,9466,77,0.8,12.4,"Al Mahwit",252
"263",2017-06-21,7582,39,0.5,10.1,"Al Dhale'e",381
"264",2017-06-21,6503,18,0.3,8.4,"Al Bayda",416
"265",2017-06-21,5470,40,0.7,5.7,"Aden",198
"266",2017-06-21,3309,21,0.6,5.4,"Abyan",4
"267",2017-06-21,3306,59,1.8,5.2,"Raymah",107
"268",2017-06-21,2147,12,0.6,2,"Lahj",9
"269",2017-06-21,934,9,1,1.4,"Al Jawf",29
"270",2017-06-21,517,3,0.6,1.4,"Marib",32
"271",2017-06-21,210,1,0.5,0.2,"Sa'ada",45
"272",2017-06-21,151,1,0.7,0.9,"Al Maharah",12
"273",2017-06-21,51,0,0,0.1,"Shabwah",0
"274",2017-06-22,30882,53,0.2,0.93,"Amanat Al Asimah",704
"275",2017-06-22,23944,137,0.6,0.72,"Al Hudaydah",1050
"276",2017-06-22,20703,131,0.6,1.35,"Amran",738
"277",2017-06-22,20206,188,0.9,0.91,"Hajjah",1255
"278",2017-06-22,16155,92,0.6,1.29,"Sana'a",904
"279",2017-06-22,15084,111,0.7,0.5,"Taizz",571
"280",2017-06-22,14778,183,1.2,0.48,"Ibb",690
"281",2017-06-22,10234,87,0.9,0.48,"Dhamar",419
"282",2017-06-22,9744,77,0.8,1.28,"Al Mahwit",278
"283",2017-06-22,7593,39,0.5,1.01,"Al Dhale'e",11
"284",2017-06-22,6667,18,0.3,0.87,"Al Bayda",164
"285",2017-06-22,5634,40,0.7,0.59,"Aden",164
"286",2017-06-22,3635,21,0.6,0.59,"Abyan",326
"287",2017-06-22,3485,61,1.8,0.55,"Raymah",179
"288",2017-06-22,2163,12,0.6,0.21,"Lahj",16
"289",2017-06-22,1006,9,0.9,0.16,"Al Jawf",72
"290",2017-06-22,594,4,0.7,0.17,"Marib",77
"291",2017-06-22,253,1,0.4,0.03,"Sa'ada",43
"292",2017-06-22,165,1,0.6,0.1,"Al Maharah",14
"293",2017-06-22,58,0,0,0.01,"Shabwah",7
"294",2017-06-23,31660,53,0.2,9.6,"Amanat Al Asimah",778
"295",2017-06-23,24876,155,0.6,7.4,"Al Hudaydah",932
"296",2017-06-23,21800,195,0.9,9.8,"Hajjah",1594
"297",2017-06-23,21426,133,0.6,14,"Amran",723
"298",2017-06-23,16641,95,0.6,13.3,"Sana'a",486
"299",2017-06-23,15360,115,0.7,5.1,"Taizz",276
"300",2017-06-23,15093,186,1.2,4.9,"Ibb",315
"301",2017-06-23,10654,90,0.8,5,"Dhamar",420
"302",2017-06-23,10035,77,0.8,13.2,"Al Mahwit",291
"303",2017-06-23,8445,41,0.5,11.2,"Al Dhale'e",852
"304",2017-06-23,6752,18,0.3,8.8,"Al Bayda",85
"305",2017-06-23,5799,41,0.7,6.1,"Aden",165
"306",2017-06-23,3762,21,0.6,6.2,"Abyan",127
"307",2017-06-23,3747,63,1.7,5.9,"Raymah",262
"308",2017-06-23,2170,12,0.6,2.1,"Lahj",7
"309",2017-06-23,1070,9,0.8,1.6,"Al Jawf",64
"310",2017-06-23,629,4,0.6,1.7,"Marib",35
"311",2017-06-23,253,1,0.4,0.3,"Sa'ada",0
"312",2017-06-23,178,1,0.6,1.1,"Al Maharah",13
"313",2017-06-23,70,0,0,0.1,"Shabwah",12
"314",2017-06-24,32455,53,0.2,9.8,"Amanat Al Asimah",795
"315",2017-06-24,25771,157,0.6,7.7,"Al Hudaydah",895
"316",2017-06-24,23400,201,0.9,10.5,"Hajjah",1600
"317",2017-06-24,22089,133,0.6,14.4,"Amran",663
"318",2017-06-24,17134,95,0.6,13.7,"Sana'a",493
"319",2017-06-24,15817,120,0.8,5.2,"Taizz",457
"320",2017-06-24,15785,187,1.2,5.1,"Ibb",692
"321",2017-06-24,10894,92,0.8,5.1,"Dhamar",240
"322",2017-06-24,10305,88,0.9,13.5,"Al Mahwit",270
"323",2017-06-24,8896,46,0.5,11.8,"Al Dhale'e",451
"324",2017-06-24,6920,18,0.3,9,"Al Bayda",168
"325",2017-06-24,6048,41,0.7,6.3,"Aden",249
"326",2017-06-24,3953,22,0.6,6.5,"Abyan",191
"327",2017-06-24,3852,63,1.6,6.1,"Raymah",105
"328",2017-06-24,2496,12,0.5,2.4,"Lahj",326
"329",2017-06-24,1190,10,0.8,1.8,"Al Jawf",120
"330",2017-06-24,683,4,0.6,1.9,"Marib",54
"331",2017-06-24,253,1,0.4,0.3,"Sa'ada",0
"332",2017-06-24,192,1,0.5,1.2,"Al Maharah",14
"333",2017-06-24,70,0,0,0.1,"Shabwah",0
"334",2017-06-25,32812,53,0.2,9.9,"Amanat Al Asimah",357
"335",2017-06-25,26256,159,0.6,7.8,"Al Hudaydah",485
"336",2017-06-25,23550,213,0.9,10.6,"Hajjah",150
"337",2017-06-25,22830,133,0.6,14.9,"Amran",741
"338",2017-06-25,17418,95,0.5,13.9,"Sana'a",284
"339",2017-06-25,16236,191,1.2,5.3,"Ibb",451
"340",2017-06-25,15995,120,0.8,5.3,"Taizz",178
"341",2017-06-25,11251,92,0.8,5.3,"Dhamar",357
"342",2017-06-25,10500,89,0.8,13.8,"Al Mahwit",195
"343",2017-06-25,9171,49,0.5,12.2,"Al Dhale'e",275
"344",2017-06-25,7034,19,0.3,9.1,"Al Bayda",114
"345",2017-06-25,6205,42,0.7,6.5,"Aden",157
"346",2017-06-25,3955,22,0.6,6.5,"Abyan",2
"347",2017-06-25,3856,63,1.6,6.1,"Raymah",4
"348",2017-06-25,2503,12,0.5,2.4,"Lahj",7
"349",2017-06-25,1302,10,0.8,2,"Al Jawf",112
"350",2017-06-25,696,4,0.6,1.9,"Marib",13
"351",2017-06-25,276,1,0.4,0.3,"Sa'ada",23
"352",2017-06-25,201,1,0.5,1.2,"Al Maharah",9
"353",2017-06-25,70,0,0,0.1,"Shabwah",0
"354",2017-06-26,33349,53,0.2,10.1,"Amanat Al Asimah",537
"355",2017-06-26,26893,160,0.6,8,"Al Hudaydah",637
"356",2017-06-26,24566,223,0.9,11.1,"Hajjah",1016
"357",2017-06-26,23402,137,0.6,15.3,"Amran",572
"358",2017-06-26,18145,97,0.5,14.5,"Sana'a",727
"359",2017-06-26,16489,193,1.2,5.4,"Ibb",253
"360",2017-06-26,16388,121,0.7,5.4,"Taizz",393
"361",2017-06-26,11742,94,0.8,5.5,"Dhamar",491
"362",2017-06-26,10892,93,0.9,14.3,"Al Mahwit",392
"363",2017-06-26,9746,51,0.5,12.9,"Al Dhale'e",575
"364",2017-06-26,7210,19,0.3,9.4,"Al Bayda",176
"365",2017-06-26,6469,44,0.7,6.8,"Aden",264
"366",2017-06-26,4086,22,0.5,6.7,"Abyan",131
"367",2017-06-26,3935,64,1.6,6.2,"Raymah",79
"368",2017-06-26,2779,13,0.5,2.6,"Lahj",276
"369",2017-06-26,1388,10,0.7,2.1,"Al Jawf",86
"370",2017-06-26,728,4,0.5,2,"Marib",32
"371",2017-06-26,297,1,0.3,0.3,"Sa'ada",21
"372",2017-06-26,214,1,0.5,1.3,"Al Maharah",13
"373",2017-06-26,80,0,0,0.1,"Shabwah",10
"374",2017-06-27,34312,53,0.2,10.4,"Amanat Al Asimah",963
"375",2017-06-27,27821,164,0.6,8.3,"Al Hudaydah",928
"376",2017-06-27,24580,223,9,11.1,"Hajjah",14
"377",2017-06-27,24373,139,0.6,15.9,"Amran",971
"378",2017-06-27,18672,98,0.5,14.9,"Sana'a",527
"379",2017-06-27,17042,121,0.7,5.6,"Taizz",654
"380",2017-06-27,16662,197,1.2,5.4,"Ibb",173
"381",2017-06-27,12337,96,0.8,5.8,"Dhamar",595
"382",2017-06-27,11320,95,0.8,14.9,"Al Mahwit",428
"383",2017-06-27,10183,52,0.5,13.5,"Al Dhale'e",437
"384",2017-06-27,7210,19,0.3,9.4,"Al Bayda",0
"385",2017-06-27,6757,44,0.7,7.1,"Aden",288
"386",2017-06-27,4092,22,0.5,6.7,"Abyan",6
"387",2017-06-27,3941,64,1.6,6.2,"Raymah",6
"388",2017-06-27,2794,13,0.5,2.7,"Lahj",15
"389",2017-06-27,1440,10,0.7,2.2,"Al Jawf",52
"390",2017-06-27,805,4,0.5,2.2,"Marib",77
"391",2017-06-27,324,1,0.3,0.4,"Sa'ada",27
"392",2017-06-27,229,1,0.4,1.4,"Al Maharah",15
"393",2017-06-27,95,0,0,0.1,"Shabwah",15
"394",2017-06-28,35060,53,0.2,10.6,"Amanat Al Asimah",748
"395",2017-06-28,28423,164,0.6,8.5,"Al Hudaydah",602
"396",2017-06-28,25156,140,0.6,16.4,"Amran",783
"397",2017-06-28,24819,223,0.9,11.2,"Hajjah",239
"398",2017-06-28,19130,98,0.5,15.3,"Sana'a",458
"399",2017-06-28,17265,123,0.7,5.7,"Taizz",223
"400",2017-06-28,17135,206,1.2,5.6,"Ibb",473
"401",2017-06-28,12837,100,0.8,6.1,"Dhamar",500
"402",2017-06-28,11763,96,0.8,15.5,"Al Mahwit",443
"403",2017-06-28,10610,54,0.5,14.1,"Al Dhale'e",427
"404",2017-06-28,7345,19,0.3,9.5,"Al Bayda",135
"405",2017-06-28,7007,46,0.7,7.3,"Aden",250
"406",2017-06-28,4513,22,0.5,7.4,"Abyan",421
"407",2017-06-28,4202,66,1.6,6.6,"Raymah",261
"408",2017-06-28,3014,13,0.4,2.9,"Lahj",220
"409",2017-06-28,1577,10,0.6,2.4,"Al Jawf",137
"410",2017-06-28,805,4,0.5,2.2,"Marib",0
"411",2017-06-28,346,1,0.3,0.4,"Sa'ada",22
"412",2017-06-28,243,1,0.4,1.5,"Al Maharah",14
"413",2017-06-28,114,0,0,0.2,"Shabwah",19
"414",2017-06-29,35693,53,0.1,10.8,"Amanat Al Asimah",633
"415",2017-06-29,29089,169,0.6,8.7,"Al Hudaydah",666
"416",2017-06-29,26847,142,0.5,17.5,"Amran",1691
"417",2017-06-29,25335,243,1,11.4,"Hajjah",516
"418",2017-06-29,19898,99,0.5,15.9,"Sana'a",768
"419",2017-06-29,17889,207,1.2,5.8,"Ibb",754
"420",2017-06-29,17636,126,0.7,5.8,"Taizz",371
"421",2017-06-29,13433,100,0.7,6.3,"Dhamar",596
"422",2017-06-29,12128,97,0.8,15.9,"Al Mahwit",365
"423",2017-06-29,11192,54,0.5,14.9,"Al Dhale'e",582
"424",2017-06-29,7540,21,0.3,9.8,"Al Bayda",195
"425",2017-06-29,7315,46,0.6,7.6,"Aden",308
"426",2017-06-29,4783,22,0.5,7.8,"Abyan",270
"427",2017-06-29,4396,67,1.5,6.9,"Raymah",194
"428",2017-06-29,3026,13,0.4,2.9,"Lahj",12
"429",2017-06-29,1580,10,0.6,2.4,"Al Jawf",3
"430",2017-06-29,906,4,0.4,2.5,"Marib",101
"431",2017-06-29,372,1,0.3,0.4,"Sa'ada",26
"432",2017-06-29,243,1,0.4,1.5,"Al Maharah",0
"433",2017-06-29,126,0,0,0.2,"Shabwah",12
"434",2017-06-30,36240,53,0.1,11,"Amanat Al Asimah",547
"435",2017-06-30,30025,172,0.6,9,"Al Hudaydah",936
"436",2017-06-30,27158,268,1,12.2,"Hajjah",1823
"437",2017-06-30,26866,142,0.5,17.6,"Amran",19
"438",2017-06-30,20361,99,0.5,16.3,"Sana'a",463
"439",2017-06-30,18663,215,1.2,6.1,"Ibb",774
"440",2017-06-30,18139,126,0.7,6,"Taizz",503
"441",2017-06-30,14006,102,0.7,6.6,"Dhamar",573
"442",2017-06-30,12648,99,0.8,16.6,"Al Mahwit",520
"443",2017-06-30,11195,54,0.5,14.9,"Al Dhale'e",3
"444",2017-06-30,7641,21,0.3,9.9,"Al Bayda",101
"445",2017-06-30,7507,46,0.6,7.8,"Aden",192
"446",2017-06-30,5016,23,0.5,8.2,"Abyan",233
"447",2017-06-30,4567,67,1.5,7.2,"Raymah",171
"448",2017-06-30,3320,14,0.4,3.2,"Lahj",294
"449",2017-06-30,1776,10,0.6,2.7,"Al Jawf",196
"450",2017-06-30,958,4,0.4,2.7,"Marib",52
"451",2017-06-30,385,1,0.3,0.4,"Sa'ada",13
"452",2017-06-30,268,1,0.4,1.7,"Al Maharah",25
"453",2017-06-30,126,0,0,0.2,"Shabwah",0
"454",2017-06-30,2,0,0,0,"Hadramaut",2
"455",2017-07-01,36915,53,0.1,11.2,"Amanat Al Asimah",675
"456",2017-07-01,30794,177,0.6,9.2,"Al Hudaydah",769
"457",2017-07-01,27672,288,1,12.5,"Hajjah",514
"458",2017-07-01,27287,143,0.5,17.8,"Amran",421
"459",2017-07-01,20546,99,0.5,16.4,"Sana'a",185
"460",2017-07-01,19194,216,1.1,6.3,"Ibb",531
"461",2017-07-01,18729,132,0.7,6.2,"Taizz",590
"462",2017-07-01,14708,106,0.7,6.9,"Dhamar",702
"463",2017-07-01,12936,100,0.8,17,"Al Mahwit",288
"464",2017-07-01,11196,54,0.5,14.9,"Al Dhale'e",1
"465",2017-07-01,7866,21,0.3,10.2,"Al Bayda",225
"466",2017-07-01,7775,46,0.6,8.1,"Aden",268
"467",2017-07-01,5338,24,0.4,8.7,"Abyan",322
"468",2017-07-01,4829,71,1.5,7.6,"Raymah",262
"469",2017-07-01,3339,14,0.4,3.2,"Lahj",19
"470",2017-07-01,1865,10,0.5,2.9,"Al Jawf",89
"471",2017-07-01,993,4,0.4,2.8,"Marib",35
"472",2017-07-01,398,1,0.3,0.4,"Sa'ada",13
"473",2017-07-01,284,1,0.4,1.7,"Al Maharah",16
"474",2017-07-01,152,0,0,0.2,"Shabwah",26
"475",2017-07-01,2,0,0,0,"Hadramaut",0
"476",2017-07-02,37981,53,0.1,11.5,"Amanat Al Asimah",1066
"477",2017-07-02,31889,184,0.6,9.5,"Al Hudaydah",1095
"478",2017-07-02,29095,288,1,13.1,"Hajjah",1423
"479",2017-07-02,28058,144,0.5,18.3,"Amran",771
"480",2017-07-02,21157,103,0.5,16.9,"Sana'a",611
"481",2017-07-02,19993,216,1.1,6.5,"Ibb",799
"482",2017-07-02,19079,134,0.7,6.3,"Taizz",350
"483",2017-07-02,15443,109,0.7,7.3,"Dhamar",735
"484",2017-07-02,13228,101,0.8,17.4,"Al Mahwit",292
"485",2017-07-02,12360,57,0.5,16.4,"Al Dhale'e",1164
"486",2017-07-02,8067,21,0.3,10.5,"Al Bayda",201
"487",2017-07-02,7939,46,0.6,8.3,"Aden",164
"488",2017-07-02,5976,25,0.4,9.8,"Abyan",638
"489",2017-07-02,4937,73,1.5,7.8,"Raymah",108
"490",2017-07-02,3597,16,0.4,3.4,"Lahj",258
"491",2017-07-02,1933,11,0.6,3,"Al Jawf",68
"492",2017-07-02,1048,4,0.4,2.9,"Marib",55
"493",2017-07-02,415,1,0.2,0.5,"Sa'ada",17
"494",2017-07-02,293,1,0.3,1.8,"Al Maharah",9
"495",2017-07-02,160,0,0,0.2,"Shabwah",8
"496",2017-07-02,2,0,0,0,"Hadramaut",0
"497",2017-07-03,38638,53,0.1,11.7,"Amanat Al Asimah",657
"498",2017-07-03,32778,186,0.6,9.8,"Al Hudaydah",889
"499",2017-07-03,29255,297,1,13.2,"Hajjah",160
"500",2017-07-03,28853,145,0.5,18.9,"Amran",795
"501",2017-07-03,21831,105,0.5,17.5,"Sana'a",674
"502",2017-07-03,20671,219,1.1,6.7,"Ibb",678
"503",2017-07-03,20222,141,0.7,6.7,"Taizz",1143
"504",2017-07-03,16133,109,0.7,7.6,"Dhamar",690
"505",2017-07-03,13465,101,0.8,17.7,"Al Mahwit",237
"506",2017-07-03,12371,57,0.5,16.4,"Al Dhale'e",11
"507",2017-07-03,8307,21,0.3,10.8,"Al Bayda",240
"508",2017-07-03,8100,46,0.6,8.5,"Aden",161
"509",2017-07-03,6314,27,0.4,10.3,"Abyan",338
"510",2017-07-03,5083,74,1.5,8,"Raymah",146
"511",2017-07-03,3608,16,0.4,3.4,"Lahj",11
"512",2017-07-03,2008,11,0.5,3.1,"Al Jawf",75
"513",2017-07-03,1075,4,0.4,3,"Marib",27
"514",2017-07-03,423,1,0.2,0.5,"Sa'ada",8
"515",2017-07-03,306,1,0.3,1.9,"Al Maharah",13
"516",2017-07-03,165,0,0,0.3,"Shabwah",5
"517",2017-07-03,2,0,0,0,"Hadramaut",0
"518",2017-07-04,39316,53,0.1,11.9,"Amanat Al Asimah",678
"519",2017-07-04,33616,188,0.6,10,"Al Hudaydah",838
"520",2017-07-04,29800,304,1,13.4,"Hajjah",545
"521",2017-07-04,29533,146,0.5,19.3,"Amran",680
"522",2017-07-04,22242,108,0.5,17.8,"Sana'a",411
"523",2017-07-04,21306,220,1,7,"Ibb",635
"524",2017-07-04,20637,142,0.7,6.8,"Taizz",415
"525",2017-07-04,16817,111,0.7,7.9,"Dhamar",684
"526",2017-07-04,13811,104,0.8,18.2,"Al Mahwit",346
"527",2017-07-04,12375,57,0.5,16.4,"Al Dhale'e",4
"528",2017-07-04,8522,21,0.2,11.1,"Al Bayda",215
"529",2017-07-04,8349,46,0.6,8.7,"Aden",249
"530",2017-07-04,6682,27,0.4,10.9,"Abyan",368
"531",2017-07-04,5086,74,1.5,8,"Raymah",3
"532",2017-07-04,3754,16,0.4,3.6,"Lahj",146
"533",2017-07-04,2073,11,0.5,3.2,"Al Jawf",65
"534",2017-07-04,1129,4,0.4,3.1,"Marib",54
"535",2017-07-04,429,1,0.2,0.5,"Sa'ada",6
"536",2017-07-04,319,1,0.3,2,"Al Maharah",13
"537",2017-07-04,189,0,0,0.3,"Shabwah",24
"538",2017-07-04,2,0,0,0,"Hadramaut",0
"539",2017-07-05,39972,53,0.1,12.1,"Amanat Al Asimah",656
"540",2017-07-05,34579,189,0.5,10.3,"Al Hudaydah",963
"541",2017-07-05,30271,308,1,13.6,"Hajjah",471
"542",2017-07-05,30135,146,0.5,19.7,"Amran",602
"543",2017-07-05,22651,108,0.5,18.1,"Sana'a",409
"544",2017-07-05,22124,220,1,7.2,"Ibb",818
"545",2017-07-05,21189,146,0.7,7,"Taizz",552
"546",2017-07-05,17404,112,0.6,8.2,"Dhamar",587
"547",2017-07-05,14193,108,0.8,18.7,"Al Mahwit",382
"548",2017-07-05,13573,60,0.4,18,"Al Dhale'e",1198
"549",2017-07-05,8716,24,0.3,11.3,"Al Bayda",194
"550",2017-07-05,8519,46,0.5,8.9,"Aden",170
"551",2017-07-05,6971,27,0.4,11.4,"Abyan",289
"552",2017-07-05,5388,75,1.4,8.5,"Raymah",302
"553",2017-07-05,4063,16,0.4,3.9,"Lahj",309
"554",2017-07-05,2158,13,0.6,3.3,"Al Jawf",85
"555",2017-07-05,1221,4,0.3,3.4,"Marib",92
"556",2017-07-05,450,1,0.2,0.5,"Sa'ada",21
"557",2017-07-05,332,1,0.3,2,"Al Maharah",13
"558",2017-07-05,189,0,0,0.3,"Shabwah",0
"559",2017-07-05,2,0,0,0,"Hadramaut",0
"560",2017-07-06,40477,54,0.1,12.2,"Amanat Al Asimah",505
"561",2017-07-06,35646,193,0.5,10.7,"Al Hudaydah",1067
"562",2017-07-06,31329,312,1,14.1,"Hajjah",1058
"563",2017-07-06,30827,146,0.5,20.2,"Amran",692
"564",2017-07-06,23017,109,0.5,18.4,"Sana'a",366
"565",2017-07-06,22737,223,1,7.4,"Ibb",613
"566",2017-07-06,21421,146,0.7,7.1,"Taizz",232
"567",2017-07-06,18124,112,0.6,8.5,"Dhamar",720
"568",2017-07-06,14628,65,0.4,19.4,"Al Dhale'e",1055
"569",2017-07-06,14572,108,0.7,19.2,"Al Mahwit",379
"570",2017-07-06,8898,24,0.3,11.6,"Al Bayda",182
"571",2017-07-06,8519,46,0.5,8.9,"Aden",0
"572",2017-07-06,7293,27,0.4,11.9,"Abyan",322
"573",2017-07-06,5517,78,1.4,8.7,"Raymah",129
"574",2017-07-06,4063,16,0.4,3.9,"Lahj",0
"575",2017-07-06,2208,13,0.6,3.4,"Al Jawf",50
"576",2017-07-06,1279,4,0.3,3.6,"Marib",58
"577",2017-07-06,466,1,0.2,0.5,"Sa'ada",16
"578",2017-07-06,338,1,0.3,2.1,"Al Maharah",6
"579",2017-07-06,189,0,0,0.3,"Shabwah",0
"580",2017-07-06,6,0,0,0,"Hadramaut",4
"581",2017-07-07,40840,54,0.1,12.3,"Amanat Al Asimah",363
"582",2017-07-07,36379,196,0.5,10.9,"Al Hudaydah",733
"583",2017-07-07,31907,325,1,14.4,"Hajjah",578
"584",2017-07-07,31424,147,0.5,20.5,"Amran",597
"585",2017-07-07,23261,110,0.5,18.6,"Sana'a",244
"586",2017-07-07,23129,225,1,7.5,"Ibb",392
"587",2017-07-07,21836,146,0.7,7.2,"Taizz",415
"588",2017-07-07,18840,113,0.6,8.9,"Dhamar",716
"589",2017-07-07,15166,70,0.5,20.1,"Al Dhale'e",538
"590",2017-07-07,14921,108,0.7,19.6,"Al Mahwit",349
"591",2017-07-07,9028,24,0.3,11.7,"Al Bayda",130
"592",2017-07-07,8948,48,0.5,9.4,"Aden",429
"593",2017-07-07,7582,27,0.4,12.4,"Abyan",289
"594",2017-07-07,5534,78,1.4,8.7,"Raymah",17
"595",2017-07-07,4072,16,0.4,3.9,"Lahj",9
"596",2017-07-07,2209,13,0.6,3.4,"Al Jawf",1
"597",2017-07-07,1335,4,0.3,3.7,"Marib",56
"598",2017-07-07,477,1,0.2,0.5,"Sa'ada",11
"599",2017-07-07,355,1,0.3,2.2,"Al Maharah",17
"600",2017-07-07,189,0,0,0.3,"Shabwah",0
"601",2017-07-07,6,0,0,0,"Hadramaut",0
"602",2017-07-10,42142,56,0.1,12.7,"Amanat Al Asimah",1302
"603",2017-07-10,38566,199,0.5,11.5,"Al Hudaydah",2187
"604",2017-07-10,34249,335,1,15.4,"Hajjah",2342
"605",2017-07-10,32611,149,0.5,21.3,"Amran",1187
"606",2017-07-10,24834,225,0.9,8.1,"Ibb",1705
"607",2017-07-10,23971,110,0.5,19.2,"Sana'a",710
"608",2017-07-10,22466,150,0.7,7.4,"Taizz",630
"609",2017-07-10,20135,114,0.6,9.5,"Dhamar",1295
"610",2017-07-10,16624,71,0.4,22.1,"Al Dhale'e",1458
"611",2017-07-10,15819,108,0.7,20.8,"Al Mahwit",898
"612",2017-07-10,9618,48,0.5,10.1,"Aden",670
"613",2017-07-10,9383,24,0.3,12.2,"Al Bayda",355
"614",2017-07-10,8270,27,0.3,13.5,"Abyan",688
"615",2017-07-10,5786,80,1.4,9.1,"Raymah",252
"616",2017-07-10,4090,16,0.4,3.9,"Lahj",18
"617",2017-07-10,2375,13,0.5,3.7,"Al Jawf",166
"618",2017-07-10,1454,4,0.3,4,"Marib",119
"619",2017-07-10,517,1,0.2,0.6,"Sa'ada",40
"620",2017-07-10,400,1,0.3,2.5,"Al Maharah",45
"621",2017-07-10,224,1,0.4,0.3,"Shabwah",35
"622",2017-07-10,4,0,0,0,"Hadramaut",-2
"623",2017-07-11,42765,56,0.1,12.9,"Amanat Al Asimah",623
"624",2017-07-11,38942,199,0.5,11.6,"Al Hudaydah",376
"625",2017-07-11,35310,338,1,15.9,"Hajjah",1061
"626",2017-07-11,32625,149,0.5,21.3,"Amran",14
"627",2017-07-11,25433,227,0.9,8.3,"Ibb",599
"628",2017-07-11,24360,111,0.5,19.5,"Sana'a",389
"629",2017-07-11,22903,150,0.7,7.5,"Taizz",437
"630",2017-07-11,20848,114,0.5,9.8,"Dhamar",713
"631",2017-07-11,17622,71,0.4,23.4,"Al Dhale'e",998
"632",2017-07-11,16444,111,0.7,21.6,"Al Mahwit",625
"633",2017-07-11,9810,48,0.5,10.3,"Aden",192
"634",2017-07-11,9385,24,0.3,12.2,"Al Bayda",2
"635",2017-07-11,8602,28,0.3,14.1,"Abyan",332
"636",2017-07-11,5870,80,1.4,9.3,"Raymah",84
"637",2017-07-11,4097,16,0.4,3.9,"Lahj",7
"638",2017-07-11,2473,13,0.5,3.8,"Al Jawf",98
"639",2017-07-11,1521,4,0.3,4.2,"Marib",67
"640",2017-07-11,534,1,0.2,0.6,"Sa'ada",17
"641",2017-07-11,411,1,0.2,2.5,"Al Maharah",11
"642",2017-07-11,240,1,0.4,0.4,"Shabwah",16
"643",2017-07-11,4,0,0,0,"Hadramaut",0
"644",2017-07-12,43578,56,0.1,13.2,"Amanat Al Asimah",813
"645",2017-07-12,39445,199,0.5,11.8,"Al Hudaydah",503
"646",2017-07-12,35336,338,1,15.9,"Hajjah",26
"647",2017-07-12,33861,149,0.4,22.1,"Amran",1236
"648",2017-07-12,25723,227,0.9,8.4,"Ibb",290
"649",2017-07-12,24665,111,0.5,19.7,"Sana'a",305
"650",2017-07-12,22905,150,0.7,7.6,"Taizz",2
"651",2017-07-12,21429,114,0.5,10.1,"Dhamar",581
"652",2017-07-12,18047,71,0.4,24,"Al Dhale'e",425
"653",2017-07-12,16922,111,0.7,22.2,"Al Mahwit",478
"654",2017-07-12,10009,48,0.5,10.5,"Aden",199
"655",2017-07-12,9936,24,0.2,12.9,"Al Bayda",551
"656",2017-07-12,8855,29,0.3,14.5,"Abyan",253
"657",2017-07-12,5964,80,1.3,9.4,"Raymah",94
"658",2017-07-12,4103,16,0.4,3.9,"Lahj",6
"659",2017-07-12,2546,13,0.5,3.9,"Al Jawf",73
"660",2017-07-12,1521,4,0.3,4.2,"Marib",0
"661",2017-07-12,566,1,0.2,0.6,"Sa'ada",32
"662",2017-07-12,427,1,0.2,2.6,"Al Maharah",16
"663",2017-07-12,240,1,0.4,0.4,"Shabwah",0
"664",2017-07-12,4,0,0,0,"Hadramaut",0
"665",2017-07-13,44187,56,0.1,13.4,"Amanat Al Asimah",609
"666",2017-07-13,40159,200,0.5,12,"Al Hudaydah",714
"667",2017-07-13,36136,344,1,16.3,"Hajjah",800
"668",2017-07-13,34462,149,0.4,22.5,"Amran",601
"669",2017-07-13,26137,227,0.9,8.5,"Ibb",414
"670",2017-07-13,24846,111,0.4,19.9,"Sana'a",181
"671",2017-07-13,23446,154,0.7,7.7,"Taizz",541
"672",2017-07-13,22223,116,0.5,10.5,"Dhamar",794
"673",2017-07-13,18050,71,0.4,24,"Al Dhale'e",3
"674",2017-07-13,17877,113,0.6,23.5,"Al Mahwit",955
"675",2017-07-13,10209,48,0.5,10.7,"Aden",200
"676",2017-07-13,10117,24,0.2,13.1,"Al Bayda",181
"677",2017-07-13,9139,30,0.3,15,"Abyan",284
"678",2017-07-13,6027,80,1.3,9.5,"Raymah",63
"679",2017-07-13,4108,16,0.4,3.9,"Lahj",5
"680",2017-07-13,2573,13,0.5,4,"Al Jawf",27
"681",2017-07-13,1642,4,0.2,4.6,"Marib",121
"682",2017-07-13,596,1,0.2,0.7,"Sa'ada",30
"683",2017-07-13,445,1,0.2,2.7,"Al Maharah",18
"684",2017-07-13,275,1,0.4,0.4,"Shabwah",35
"685",2017-07-13,4,0,0,0,"Hadramaut",0
"686",2017-07-14,44755,56,0.1,13.5,"Amanat Al Asimah",568
"687",2017-07-14,40962,202,0.5,12.2,"Al Hudaydah",803
"688",2017-07-14,36643,345,0.9,16.5,"Hajjah",507
"689",2017-07-14,34994,149,0.4,22.9,"Amran",532
"690",2017-07-14,26583,228,0.9,8.7,"Ibb",446
"691",2017-07-14,24957,111,0.4,20,"Sana'a",111
"692",2017-07-14,23870,155,0.6,7.9,"Taizz",424
"693",2017-07-14,22981,117,0.5,10.8,"Dhamar",758
"694",2017-07-14,18419,72,0.4,24.4,"Al Dhale'e",369
"695",2017-07-14,18243,115,0.6,24,"Al Mahwit",366
"696",2017-07-14,10347,48,0.5,10.8,"Aden",138
"697",2017-07-14,10216,24,0.2,13.3,"Al Bayda",99
"698",2017-07-14,9678,31,0.3,15.8,"Abyan",539
"699",2017-07-14,6120,81,1.3,9.7,"Raymah",93
"700",2017-07-14,4536,16,0.4,4.3,"Lahj",428
"701",2017-07-14,2680,13,0.5,4.1,"Al Jawf",107
"702",2017-07-14,1643,4,0.2,4.6,"Marib",1
"703",2017-07-14,596,1,0.2,0.7,"Sa'ada",0
"704",2017-07-14,462,1,0.2,2.8,"Al Maharah",17
"705",2017-07-14,280,1,0.4,0.4,"Shabwah",5
"706",2017-07-14,4,0,0,0,"Hadramaut",0
"707",2017-07-15,45227,56,0.1,13.7,"Amanat Al Asimah",472
"708",2017-07-15,41835,204,0.5,12.5,"Al Hudaydah",873
"709",2017-07-15,37018,345,0.9,16.7,"Hajjah",375
"710",2017-07-15,35419,149,0.4,23.2,"Amran",425
"711",2017-07-15,26676,230,0.9,8.7,"Ibb",93
"712",2017-07-15,25212,113,0.4,20.2,"Sana'a",255
"713",2017-07-15,24303,157,0.6,8,"Taizz",433
"714",2017-07-15,23525,118,0.5,11.1,"Dhamar",544
"715",2017-07-15,18963,115,0.6,24.9,"Al Mahwit",720
"716",2017-07-15,18902,73,0.4,25.1,"Al Dhale'e",483
"717",2017-07-15,10518,48,0.5,11,"Aden",171
"718",2017-07-15,10448,24,0.2,13.6,"Al Bayda",232
"719",2017-07-15,9994,31,0.3,16.3,"Abyan",316
"720",2017-07-15,6254,85,1.4,9.9,"Raymah",134
"721",2017-07-15,4540,16,0.4,4.3,"Lahj",4
"722",2017-07-15,2772,13,0.5,4.3,"Al Jawf",92
"723",2017-07-15,1687,4,0.2,4.7,"Marib",44
"724",2017-07-15,679,1,0.1,0.8,"Sa'ada",83
"725",2017-07-15,484,1,0.2,3,"Al Maharah",22
"726",2017-07-15,291,1,0.3,0.4,"Shabwah",11
"727",2017-07-15,4,0,0,0,"Hadramaut",0
"728",2017-07-16,45701,57,0.1,13.8,"Amanat Al Asimah",474
"729",2017-07-16,42813,206,0.5,12.8,"Al Hudaydah",978
"730",2017-07-16,37647,345,0.9,17,"Hajjah",629
"731",2017-07-16,36116,149,0.4,23.6,"Amran",697
"732",2017-07-16,27098,231,0.9,8.8,"Ibb",422
"733",2017-07-16,25414,113,0.4,20.3,"Sana'a",202
"734",2017-07-16,24656,157,0.6,8.1,"Taizz",353
"735",2017-07-16,24279,119,0.5,11.4,"Dhamar",754
"736",2017-07-16,19659,74,0.4,26.1,"Al Dhale'e",757
"737",2017-07-16,19278,115,0.6,25.3,"Al Mahwit",315
"738",2017-07-16,10665,48,0.5,11.1,"Aden",147
"739",2017-07-16,10606,24,0.2,13.8,"Al Bayda",158
"740",2017-07-16,10001,31,0.3,16.4,"Abyan",7
"741",2017-07-16,6416,85,1.3,10.1,"Raymah",162
"742",2017-07-16,4540,16,0.4,4.3,"Lahj",0
"743",2017-07-16,2869,13,0.5,4.4,"Al Jawf",97
"744",2017-07-16,1783,4,0.2,5,"Marib",96
"745",2017-07-16,696,1,0.1,0.8,"Sa'ada",17
"746",2017-07-16,499,1,0.2,3.1,"Al Maharah",15
"747",2017-07-16,303,1,0.3,0.5,"Shabwah",12
"748",2017-07-16,6,0,0,0,"Hadramaut",2
"749",2017-07-17,46477,59,0.1,14,"Amanat Al Asimah",776
"750",2017-07-17,43827,210,0.5,13.1,"Al Hudaydah",1014
"751",2017-07-17,37990,346,0.9,17.1,"Hajjah",343
"752",2017-07-17,36740,149,0.4,24,"Amran",624
"753",2017-07-17,27454,231,0.8,9,"Ibb",356
"754",2017-07-17,25482,113,0.4,20.4,"Sana'a",68
"755",2017-07-17,25142,159,0.6,8.3,"Taizz",486
"756",2017-07-17,24935,119,0.5,11.8,"Dhamar",656
"757",2017-07-17,19659,74,0.4,26.1,"Al Dhale'e",0
"758",2017-07-17,19650,117,0.6,25.8,"Al Mahwit",372
"759",2017-07-17,10809,48,0.4,11.3,"Aden",144
"760",2017-07-17,10607,24,0.2,13.8,"Al Bayda",1
"761",2017-07-17,10360,31,0.3,16.9,"Abyan",359
"762",2017-07-17,6514,86,1.3,10.3,"Raymah",98
"763",2017-07-17,4545,16,0.4,4.3,"Lahj",5
"764",2017-07-17,2959,13,0.4,4.6,"Al Jawf",90
"765",2017-07-17,1868,4,0.2,5.2,"Marib",85
"766",2017-07-17,751,1,0.1,0.8,"Sa'ada",55
"767",2017-07-17,511,1,0.2,3.1,"Al Maharah",12
"768",2017-07-17,305,1,0.3,0.5,"Shabwah",2
"769",2017-07-17,6,0,0,0,"Hadramaut",0
"770",2017-07-18,46985,59,0.1,14.2,"Amanat Al Asimah",508
"771",2017-07-18,44707,210,0.5,13.4,"Al Hudaydah",880
"772",2017-07-18,38001,346,0.9,17.1,"Hajjah",11
"773",2017-07-18,37260,150,0.4,24.4,"Amran",520
"774",2017-07-18,27882,233,0.8,9.1,"Ibb",428
"775",2017-07-18,25632,113,0.4,20.5,"Sana'a",150
"776",2017-07-18,25664,160,0.6,8.5,"Taizz",522
"777",2017-07-18,25683,124,0.5,12.1,"Dhamar",748
"778",2017-07-18,20054,74,0.4,26.6,"Al Dhale'e",395
"779",2017-07-18,19997,117,0.6,26.3,"Al Mahwit",347
"780",2017-07-18,10997,48,0.4,11.5,"Aden",188
"781",2017-07-18,10931,26,0.2,14.2,"Al Bayda",324
"782",2017-07-18,10965,31,0.3,17.9,"Abyan",605
"783",2017-07-18,6654,90,1.4,10.5,"Raymah",140
"784",2017-07-18,4553,16,0.4,4.3,"Lahj",8
"785",2017-07-18,3040,13,0.4,4.7,"Al Jawf",81
"786",2017-07-18,1916,4,0.2,5.3,"Marib",48
"787",2017-07-18,784,1,0.1,0.9,"Sa'ada",33
"788",2017-07-18,529,1,0.2,3.3,"Al Maharah",18
"789",2017-07-18,305,1,0.3,0.5,"Shabwah",0
"790",2017-07-18,6,0,0,0,"Hadramaut",0
"791",2017-07-19,47647,60,0.1,14.4,"Amanat Al Asimah",662
"792",2017-07-19,45580,212,0.5,13.6,"Al Hudaydah",873
"793",2017-07-19,38936,353,0.9,17.5,"Hajjah",935
"794",2017-07-19,37814,150,0.4,24.7,"Amran",554
"795",2017-07-19,28250,233,0.8,9.2,"Ibb",368
"796",2017-07-19,26343,124,0.5,12.4,"Dhamar",660
"797",2017-07-19,25927,161,0.6,8.5,"Taizz",263
"798",2017-07-19,25779,113,0.4,20.6,"Sana'a",147
"799",2017-07-19,20504,74,0.4,27.2,"Al Dhale'e",450
"800",2017-07-19,20320,117,0.6,26.7,"Al Mahwit",323
"801",2017-07-19,11063,26,0.2,14.4,"Al Bayda",132
"802",2017-07-19,10997,48,0.4,11.5,"Aden",0
"803",2017-07-19,10965,31,0.3,17.9,"Abyan",0
"804",2017-07-19,6753,90,1.3,10.7,"Raymah",99
"805",2017-07-19,4553,16,0.4,4.3,"Lahj",0
"806",2017-07-19,3150,13,0.4,4.9,"Al Jawf",110
"807",2017-07-19,1916,4,0.2,5.3,"Marib",0
"808",2017-07-19,822,1,0.1,0.9,"Sa'ada",38
"809",2017-07-19,550,1,0.2,3.4,"Al Maharah",21
"810",2017-07-19,331,1,0.3,0.5,"Shabwah",26
"811",2017-07-19,7,0,0,0,"Hadramaut",1
"812",2017-07-20,48100,60,0.1,14.5,"Amanat Al Asimah",453
"813",2017-07-20,46296,214,0.5,13.8,"Al Hudaydah",716
"814",2017-07-20,38947,353,0.9,17.5,"Hajjah",11
"815",2017-07-20,38342,150,0.4,25.1,"Amran",528
"816",2017-07-20,28470,234,0.8,9.3,"Ibb",220
"817",2017-07-20,26923,126,0.5,12.7,"Dhamar",580
"818",2017-07-20,26220,162,0.6,8.6,"Taizz",293
"819",2017-07-20,26010,113,0.4,20.8,"Sana'a",231
"820",2017-07-20,20941,75,0.4,27.8,"Al Dhale'e",437
"821",2017-07-20,20320,117,0.6,26.7,"Al Mahwit",0
"822",2017-07-20,11431,48,0.4,11.9,"Aden",434
"823",2017-07-20,11281,31,0.3,18.5,"Abyan",316
"824",2017-07-20,11261,26,0.2,14.6,"Al Bayda",198
"825",2017-07-20,6879,91,1.3,10.9,"Raymah",126
"826",2017-07-20,4570,16,0.4,4.3,"Lahj",17
"827",2017-07-20,3235,13,0.4,5,"Al Jawf",85
"828",2017-07-20,1916,4,0.2,5.3,"Marib",0
"829",2017-07-20,862,2,0.2,1,"Sa'ada",40
"830",2017-07-20,573,1,0.2,3.5,"Al Maharah",23
"831",2017-07-20,331,1,0.3,0.5,"Shabwah",0
"832",2017-07-20,7,0,0,0,"Hadramaut",0
"833",2017-07-21,48430,60,0.1,14.6,"Amanat Al Asimah",330
"834",2017-07-21,47044,215,0.5,14.1,"Al Hudaydah",748
"835",2017-07-21,39787,355,0.9,17.9,"Hajjah",840
"836",2017-07-21,38802,150,0.4,25.4,"Amran",460
"837",2017-07-21,28473,234,0.8,9.3,"Ibb",3
"838",2017-07-21,27465,126,0.5,12.9,"Dhamar",542
"839",2017-07-21,26516,162,0.6,8.7,"Taizz",296
"840",2017-07-21,26123,114,0.4,20.9,"Sana'a",113
"841",2017-07-21,21342,75,0.4,28.3,"Al Dhale'e",401
"842",2017-07-21,20697,119,0.6,27.2,"Al Mahwit",377
"843",2017-07-21,11614,52,0.4,12.1,"Aden",183
"844",2017-07-21,11573,31,0.3,18.9,"Abyan",292
"845",2017-07-21,11382,26,0.2,14.8,"Al Bayda",121
"846",2017-07-21,6966,91,1.3,11,"Raymah",87
"847",2017-07-21,4575,16,0.3,4.3,"Lahj",5
"848",2017-07-21,3330,13,0.4,5.1,"Al Jawf",95
"849",2017-07-21,1939,4,0.2,5.4,"Marib",23
"850",2017-07-21,890,2,0.2,1,"Sa'ada",28
"851",2017-07-21,586,1,0.2,3.6,"Al Maharah",13
"852",2017-07-21,353,1,0.3,0.5,"Shabwah",22
"853",2017-07-21,7,0,0,0,"Hadramaut",0
"854",2017-07-22,48916,60,0.1,14.8,"Amanat Al Asimah",486
"855",2017-07-22,47680,219,0.5,14.3,"Al Hudaydah",636
"856",2017-07-22,40800,356,0.9,18.4,"Hajjah",1013
"857",2017-07-22,39277,150,0.4,25.7,"Amran",475
"858",2017-07-22,29260,234,0.8,9.5,"Ibb",787
"859",2017-07-22,28129,126,0.4,13.3,"Dhamar",664
"860",2017-07-22,27245,164,0.6,9,"Taizz",729
"861",2017-07-22,26138,114,0.4,20.9,"Sana'a",15
"862",2017-07-22,21628,75,0.3,28.7,"Al Dhale'e",286
"863",2017-07-22,21537,119,0.6,28.3,"Al Mahwit",840
"864",2017-07-22,11822,32,0.3,19.3,"Abyan",249
"865",2017-07-22,11812,52,0.4,12.3,"Aden",198
"866",2017-07-22,11580,26,0.2,15,"Al Bayda",198
"867",2017-07-22,7067,91,1.3,11.2,"Raymah",101
"868",2017-07-22,4579,16,0.3,4.4,"Lahj",4
"869",2017-07-22,3427,13,0.4,5.3,"Al Jawf",97
"870",2017-07-22,1939,4,0.2,5.4,"Marib",0
"871",2017-07-22,917,5,0.5,1,"Sa'ada",27
"872",2017-07-22,606,1,0.2,3.7,"Al Maharah",20
"873",2017-07-22,353,1,0.3,0.5,"Shabwah",0
"874",2017-07-22,7,0,0,0,"Hadramaut",0
"875",2017-07-23,49311,60,0.1,14.9,"Amanat Al Asimah",395
"876",2017-07-23,48436,221,0.5,14.5,"Al Hudaydah",756
"877",2017-07-23,41385,357,0.9,18.6,"Hajjah",585
"878",2017-07-23,39803,150,0.4,26,"Amran",526
"879",2017-07-23,29529,235,0.8,9.6,"Ibb",269
"880",2017-07-23,28829,126,0.4,13.6,"Dhamar",700
"881",2017-07-23,27638,164,0.6,9.1,"Taizz",393
"882",2017-07-23,26498,114,0.4,21.2,"Sana'a",360
"883",2017-07-23,22621,121,0.5,29.7,"Al Mahwit",1084
"884",2017-07-23,21935,75,0.3,29.1,"Al Dhale'e",307
"885",2017-07-23,11987,52,0.4,12.5,"Aden",175
"886",2017-07-23,11823,32,0.3,19.3,"Abyan",1
"887",2017-07-23,11774,26,0.2,15.3,"Al Bayda",194
"888",2017-07-23,7163,91,1.3,11.3,"Raymah",96
"889",2017-07-23,4583,16,0.3,4.4,"Lahj",4
"890",2017-07-23,3532,13,0.4,5.4,"Al Jawf",105
"891",2017-07-23,2065,4,0.2,5.7,"Marib",126
"892",2017-07-23,938,5,0.5,1.1,"Sa'ada",21
"893",2017-07-23,620,1,0.2,3.8,"Al Maharah",14
"894",2017-07-23,388,1,0.3,0.6,"Shabwah",35
"895",2017-07-23,7,0,0,0,"Hadramaut",0
"896",2017-07-24,49850,60,0.1,15.1,"Amanat Al Asimah",539
"897",2017-07-24,49266,222,0.5,14.7,"Al Hudaydah",830
"898",2017-07-24,41391,357,0.9,18.6,"Hajjah",6
"899",2017-07-24,40488,150,0.4,26.5,"Amran",685
"900",2017-07-24,29723,236,0.8,9.7,"Ibb",194
"901",2017-07-24,29426,126,0.4,13.9,"Dhamar",597
"902",2017-07-24,27937,166,0.6,9.2,"Taizz",299
"903",2017-07-24,26656,115,0.4,21.3,"Sana'a",158
"904",2017-07-24,22922,121,0.5,30.1,"Al Mahwit",301
"905",2017-07-24,22240,75,0.3,29.5,"Al Dhale'e",305
"906",2017-07-24,12450,32,0.3,20.4,"Abyan",627
"907",2017-07-24,12154,52,0.4,12.7,"Aden",167
"908",2017-07-24,11953,26,0.2,15.5,"Al Bayda",179
"909",2017-07-24,7269,91,1.3,11.5,"Raymah",106
"910",2017-07-24,4591,16,0.3,4.4,"Lahj",8
"911",2017-07-24,3635,13,0.4,5.6,"Al Jawf",103
"912",2017-07-24,2182,4,0.2,6.1,"Marib",117
"913",2017-07-24,938,5,0.5,1.1,"Sa'ada",0
"914",2017-07-24,620,1,0.2,3.8,"Al Maharah",0
"915",2017-07-24,388,1,0.3,0.6,"Shabwah",0
"916",2017-07-24,7,0,0,0,"Hadramaut",0
"917",2017-07-25,50331,60,0.1,15.2,"Amanat Al Asimah",481
"918",2017-07-25,50160,222,0.4,15,"Al Hudaydah",894
"919",2017-07-25,42363,358,0.8,19.1,"Hajjah",972
"920",2017-07-25,41038,150,0.4,26.8,"Amran",550
"921",2017-07-25,30389,240,0.8,9.9,"Ibb",666
"922",2017-07-25,30039,128,0.4,14.2,"Dhamar",613
"923",2017-07-25,28261,168,0.6,9.3,"Taizz",324
"924",2017-07-25,26798,115,0.4,21.4,"Sana'a",142
"925",2017-07-25,23417,122,0.5,30.8,"Al Mahwit",495
"926",2017-07-25,22539,76,0.3,29.9,"Al Dhale'e",299
"927",2017-07-25,12746,32,0.3,20.9,"Abyan",296
"928",2017-07-25,12343,52,0.4,12.9,"Aden",189
"929",2017-07-25,12165,26,0.2,15.8,"Al Bayda",212
"930",2017-07-25,7340,91,1.2,11.6,"Raymah",71
"931",2017-07-25,4591,16,0.3,4.4,"Lahj",0
"932",2017-07-25,3703,13,0.4,5.7,"Al Jawf",68
"933",2017-07-25,2237,4,0.2,6.2,"Marib",55
"934",2017-07-25,983,5,0.5,1.1,"Sa'ada",45
"935",2017-07-25,645,1,0.2,4,"Al Maharah",25
"936",2017-07-25,389,1,0.3,0.6,"Shabwah",1
"937",2017-07-25,7,0,0,0,"Hadramaut",0
"938",2017-07-26,50977,222,0.4,15.2,"Al Hudaydah",817
"939",2017-07-26,50835,60,0.1,15.4,"Amanat Al Asimah",504
"940",2017-07-26,42840,358,0.8,19.3,"Hajjah",477
"941",2017-07-26,41587,150,0.4,27.2,"Amran",549
"942",2017-07-26,30635,129,0.4,14.4,"Dhamar",596
"943",2017-07-26,30394,240,0.8,9.9,"Ibb",5
"944",2017-07-26,28383,168,0.6,9.4,"Taizz",122
"945",2017-07-26,26965,115,0.4,21.6,"Sana'a",167
"946",2017-07-26,23804,123,0.5,31.3,"Al Mahwit",387
"947",2017-07-26,22867,76,0.3,30.4,"Al Dhale'e",328
"948",2017-07-26,13007,32,0.2,21.3,"Abyan",261
"949",2017-07-26,12501,52,0.4,13.1,"Aden",158
"950",2017-07-26,12320,26,0.2,16,"Al Bayda",155
"951",2017-07-26,7415,91,1.2,11.7,"Raymah",75
"952",2017-07-26,5911,17,0.3,5.6,"Lahj",1320
"953",2017-07-26,3778,15,0.4,5.8,"Al Jawf",75
"954",2017-07-26,2289,4,0.2,6.4,"Marib",52
"955",2017-07-26,1016,5,0.5,1.1,"Sa'ada",33
"956",2017-07-26,662,1,0.2,4.1,"Al Maharah",17
"957",2017-07-26,390,1,0.3,0.6,"Shabwah",1
"958",2017-07-26,7,0,0,0,"Hadramaut",0
"959",2017-07-27,51776,222,0.4,15.5,"Al Hudaydah",799
"960",2017-07-27,51083,60,0.1,15.4,"Amanat Al Asimah",248
"961",2017-07-27,43210,358,0.8,19.5,"Hajjah",370
"962",2017-07-27,42250,150,0.4,27.6,"Amran",663
"963",2017-07-27,31260,129,0.4,14.7,"Dhamar",625
"964",2017-07-27,30967,240,0.8,10.1,"Ibb",573
"965",2017-07-27,28897,169,0.6,9.5,"Taizz",514
"966",2017-07-27,27117,115,0.4,21.7,"Sana'a",152
"967",2017-07-27,24262,124,0.5,31.9,"Al Mahwit",458
"968",2017-07-27,23347,76,0.3,31,"Al Dhale'e",480
"969",2017-07-27,13652,32,0.2,22.3,"Abyan",645
"970",2017-07-27,12603,52,0.4,13.2,"Aden",102
"971",2017-07-27,12435,26,0.2,16.1,"Al Bayda",115
"972",2017-07-27,7515,92,1.2,11.9,"Raymah",100
"973",2017-07-27,5914,17,0.3,5.6,"Lahj",3
"974",2017-07-27,3859,16,0.4,5.9,"Al Jawf",81
"975",2017-07-27,2291,4,0.2,6.4,"Marib",2
"976",2017-07-27,1039,5,0.5,1.2,"Sa'ada",23
"977",2017-07-27,674,1,0.1,4.2,"Al Maharah",12
"978",2017-07-27,390,1,0.3,0.6,"Shabwah",0
"979",2017-07-27,7,0,0,0,"Hadramaut",0
"980",2017-07-28,52272,222,0.4,15.6,"Al Hudaydah",496
"981",2017-07-28,51571,60,0.1,15.6,"Amanat Al Asimah",488
"982",2017-07-28,43970,358,0.8,19.8,"Hajjah",760
"983",2017-07-28,42870,150,0.3,28,"Amran",620
"984",2017-07-28,31817,130,0.4,15,"Dhamar",557
"985",2017-07-28,31252,240,0.8,10.2,"Ibb",285
"986",2017-07-28,29179,169,0.6,9.6,"Taizz",282
"987",2017-07-28,27232,115,0.4,21.8,"Sana'a",115
"988",2017-07-28,24861,124,0.5,32.7,"Al Mahwit",599
"989",2017-07-28,23746,76,0.3,31.5,"Al Dhale'e",399
"990",2017-07-28,13899,32,0.2,22.7,"Abyan",247
"991",2017-07-28,12603,52,0.4,13.2,"Aden",0
"992",2017-07-28,12599,26,0.2,16.4,"Al Bayda",164
"993",2017-07-28,7574,94,1.2,12,"Raymah",59
"994",2017-07-28,5914,17,0.3,5.6,"Lahj",0
"995",2017-07-28,3959,16,0.4,6.1,"Al Jawf",100
"996",2017-07-28,2328,4,0.2,6.5,"Marib",37
"997",2017-07-28,1072,5,0.5,1.2,"Sa'ada",33
"998",2017-07-28,687,1,0.1,4.2,"Al Maharah",13
"999",2017-07-28,392,1,0.3,0.6,"Shabwah",2
"1000",2017-07-28,7,0,0,0,"Hadramaut",0
"1001",2017-07-29,52749,223,0.4,15.8,"Al Hudaydah",477
"1002",2017-07-29,51900,60,0.1,15.7,"Amanat Al Asimah",329
"1003",2017-07-29,44563,359,0.8,20.1,"Hajjah",593
"1004",2017-07-29,43362,150,0.3,28.3,"Amran",492
"1005",2017-07-29,32452,130,0.4,15.3,"Dhamar",635
"1006",2017-07-29,31603,240,0.8,10.3,"Ibb",351
"1007",2017-07-29,29428,169,0.6,9.7,"Taizz",249
"1008",2017-07-29,27391,115,0.4,21.9,"Sana'a",159
"1009",2017-07-29,25493,125,0.5,33.5,"Al Mahwit",632
"1010",2017-07-29,23746,76,0.3,31.5,"Al Dhale'e",0
"1011",2017-07-29,13904,32,0.2,22.7,"Abyan",5
"1012",2017-07-29,12818,52,0.4,13.4,"Aden",215
"1013",2017-07-29,12602,26,0.2,16.4,"Al Bayda",3
"1014",2017-07-29,7651,94,1.2,12.1,"Raymah",77
"1015",2017-07-29,6905,17,0.2,6.6,"Lahj",991
"1016",2017-07-29,4042,16,0.4,6.2,"Al Jawf",83
"1017",2017-07-29,2360,4,0.2,6.6,"Marib",32
"1018",2017-07-29,1120,5,0.4,1.3,"Sa'ada",48
"1019",2017-07-29,703,1,0.1,4.3,"Al Maharah",16
"1020",2017-07-29,393,1,0.3,0.6,"Shabwah",1
"1021",2017-07-29,7,0,0,0,"Hadramaut",0
"1022",2017-07-30,53306,227,0.4,15.9,"Al Hudaydah",557
"1023",2017-07-30,52415,60,0.1,15.8,"Amanat Al Asimah",515
"1024",2017-07-30,45073,359,0.8,20.3,"Hajjah",510
"1025",2017-07-30,43866,150,0.3,28.7,"Amran",504
"1026",2017-07-30,33040,131,0.4,15.6,"Dhamar",588
"1027",2017-07-30,32035,241,0.8,10.5,"Ibb",432
"1028",2017-07-30,29716,170,0.6,9.8,"Taizz",288
"1029",2017-07-30,27535,115,0.4,22,"Sana'a",144
"1030",2017-07-30,25495,125,0.5,33.5,"Al Mahwit",2
"1031",2017-07-30,24485,76,0.3,32.5,"Al Dhale'e",739
"1032",2017-07-30,14195,32,0.2,23.2,"Abyan",291
"1033",2017-07-30,12932,52,0.4,13.5,"Aden",114
"1034",2017-07-30,12871,26,0.2,16.7,"Al Bayda",269
"1035",2017-07-30,7728,95,1.2,12.2,"Raymah",77
"1036",2017-07-30,6913,17,0.2,6.6,"Lahj",8
"1037",2017-07-30,4120,16,0.4,6.4,"Al Jawf",78
"1038",2017-07-30,2420,4,0.2,6.7,"Marib",60
"1039",2017-07-30,1142,5,0.4,1.3,"Sa'ada",22
"1040",2017-07-30,713,1,0.1,4.4,"Al Maharah",10
"1041",2017-07-30,394,1,0.3,0.6,"Shabwah",1
"1042",2017-07-30,7,0,0,0,"Hadramaut",0
"1043",2017-07-31,53975,60,0.1,16.3,"Amanat Al Asimah",1560
"1044",2017-07-31,53803,231,0.4,16.1,"Al Hudaydah",497
"1045",2017-07-31,45346,359,0.8,20.4,"Hajjah",273
"1046",2017-07-31,44457,150,0.3,29.1,"Amran",591
"1047",2017-07-31,33647,132,0.4,15.9,"Dhamar",607
"1048",2017-07-31,32605,242,0.7,10.6,"Ibb",570
"1049",2017-07-31,30218,170,0.6,10,"Taizz",502
"1050",2017-07-31,27613,117,0.4,22.1,"Sana'a",78
"1051",2017-07-31,25809,128,0.5,33.9,"Al Mahwit",314
"1052",2017-07-31,24849,76,0.3,33,"Al Dhale'e",364
"1053",2017-07-31,14474,33,0.2,23.7,"Abyan",279
"1054",2017-07-31,13022,52,0.4,13.6,"Aden",90
"1055",2017-07-31,12872,26,0.2,16.7,"Al Bayda",1
"1056",2017-07-31,7758,95,1.2,12.2,"Raymah",30
"1057",2017-07-31,7124,17,0.2,6.8,"Lahj",211
"1058",2017-07-31,4203,16,0.4,6.5,"Al Jawf",83
"1059",2017-07-31,2485,4,0.2,6.9,"Marib",65
"1060",2017-07-31,1176,5,0.4,1.3,"Sa'ada",34
"1061",2017-07-31,731,1,0.1,4.5,"Al Maharah",18
"1062",2017-07-31,430,1,0.2,0.7,"Shabwah",36
"1063",2017-07-31,28,0,0,0,"Hadramaut",21
"1064",2017-08-01,54651,60,0.1,16.5,"Amanat Al Asimah",676
"1065",2017-08-01,54486,231,0.4,16.3,"Al Hudaydah",683
"1066",2017-08-01,46354,362,0.8,20.9,"Hajjah",1008
"1067",2017-08-01,45040,151,0.3,29.4,"Amran",583
"1068",2017-08-01,34230,132,0.4,16.1,"Dhamar",583
"1069",2017-08-01,32930,242,0.7,10.7,"Ibb",325
"1070",2017-08-01,30485,170,0.6,10,"Taizz",267
"1071",2017-08-01,27718,117,0.4,22.2,"Sana'a",105
"1072",2017-08-01,26446,128,0.5,34.8,"Al Mahwit",637
"1073",2017-08-01,25220,76,0.3,33.5,"Al Dhale'e",371
"1074",2017-08-01,14737,33,0.2,24.1,"Abyan",263
"1075",2017-08-01,13115,52,0.4,13.7,"Aden",93
"1076",2017-08-01,13050,26,0.2,16.9,"Al Bayda",178
"1077",2017-08-01,7846,95,1.2,12.4,"Raymah",88
"1078",2017-08-01,7605,17,0.2,7.2,"Lahj",481
"1079",2017-08-01,4310,17,0.4,6.6,"Al Jawf",107
"1080",2017-08-01,2498,4,0.2,6.9,"Marib",13
"1081",2017-08-01,1230,5,0.4,1.4,"Sa'ada",54
"1082",2017-08-01,731,1,0.1,4.5,"Al Maharah",0
"1083",2017-08-01,435,1,0.2,0.7,"Shabwah",5
"1084",2017-08-01,49,1,2.04,0.05,"Hadramaut",21
"1085",2017-08-03,55563,61,0.1,16.8,"Amanat Al Asimah",912
"1086",2017-08-03,55409,232,0.4,16.6,"Al Hudaydah",923
"1087",2017-08-03,47389,366,0.8,21.3,"Hajjah",1035
"1088",2017-08-03,46133,151,0.3,30.2,"Amran",1093
"1089",2017-08-03,35383,133,0.4,16.7,"Dhamar",1153
"1090",2017-08-03,33562,243,0.7,10.9,"Ibb",632
"1091",2017-08-03,31222,170,0.5,10.3,"Taizz",737
"1092",2017-08-03,28000,118,0.4,22.4,"Sana'a",282
"1093",2017-08-03,27171,128,0.5,35.7,"Al Mahwit",725
"1094",2017-08-03,25581,76,0.3,34,"Al Dhale'e",361
"1095",2017-08-03,15220,33,0.2,24.9,"Abyan",483
"1096",2017-08-03,13512,26,0.2,17.5,"Al Bayda",462
"1097",2017-08-03,13239,52,0.4,13.8,"Aden",124
"1098",2017-08-03,8090,17,0.2,7.7,"Lahj",485
"1099",2017-08-03,7983,95,1.2,12.6,"Raymah",137
"1100",2017-08-03,4507,17,0.4,6.9,"Al Jawf",197
"1101",2017-08-03,2598,4,0.2,7.2,"Marib",100
"1102",2017-08-03,1354,5,0.4,1.5,"Sa'ada",124
"1103",2017-08-03,755,1,0.1,4.6,"Al Maharah",24
"1104",2017-08-03,439,1,0.2,0.7,"Shabwah",4
"1105",2017-08-03,65,1,1.54,0.05,"Hadramaut",16
"1106",2017-08-06,28632,131,0.5,37.64,"Al Mahwit",1461
"1107",2017-08-06,27294,77,0.3,36.23,"Al Dhale'e",1713
"1108",2017-08-06,48509,151,0.3,31.71,"Amran",2376
"1109",2017-08-06,16195,33,0.2,26.49,"Abyan",975
"1110",2017-08-06,28505,119,0.4,22.79,"Sana'a",505
"1111",2017-08-06,49977,374,0.7,20.2,"Hajjah",2588
"1112",2017-08-06,14202,26,0.2,18.44,"Al Bayda",690
"1113",2017-08-06,37399,134,0.4,17.63,"Dhamar",2016
"1114",2017-08-06,57751,61,0.1,17.46,"Amanat Al Asimah",2188
"1115",2017-08-06,57268,234,0.4,17.12,"Al Hudaydah",1859
"1116",2017-08-06,13554,52,0.4,14.17,"Aden",315
"1117",2017-08-06,8283,99,1.2,13.07,"Raymah",300
"1118",2017-08-06,34725,245,0.7,11.33,"Ibb",1163
"1119",2017-08-06,31856,170,0.5,10.41,"Taizz",634
"1120",2017-08-06,9009,17,0.2,8.56,"Lahj",919
"1121",2017-08-06,4915,18,0.4,7.58,"Al Jawf",408
"1122",2017-08-06,2689,4,0.1,7.48,"Marib",91
"1123",2017-08-06,826,1,0.1,5.09,"Al Maharah",71
"1124",2017-08-06,1526,5,0.3,1.71,"Sa'ada",172
"1125",2017-08-06,496,1,0.2,0.77,"Shabwah",57
"1126",2017-08-06,90,1,1.11,0.055,"Hadramaut",25
"1127",2017-08-13,17575,33,0.2,28.75,"Abyan",1380
"1128",2017-08-13,14040,52,0.4,14.68,"Aden",486
"1129",2017-08-13,15141,26,0.2,19.66,"Al Bayda",939
"1130",2017-08-13,29063,77,0.3,38.58,"Al Dhale'e",1769
"1131",2017-08-13,60145,235,0.4,17.98,"Al Hudaydah",2877
"1132",2017-08-13,5606,18,0.3,8.64,"Al Jawf",691
"1133",2017-08-13,943,1,0.1,5.81,"Al Maharah",117
"1134",2017-08-13,30888,131,0.4,40.6,"Al Mahwit",2256
"1135",2017-08-13,60100,61,0.1,18.17,"Amanat Al Asimah",2349
"1136",2017-08-13,51827,153,0.3,33.88,"Amran",3318
"1137",2017-08-13,41415,140,0.3,19.53,"Dhamar",4016
"1138",2017-08-13,53134,378,0.7,21.47,"Hajjah",3157
"1139",2017-08-13,36378,245,0.7,11.87,"Ibb",1653
"1140",2017-08-13,10475,17,0.2,9.95,"Lahj",1466
"1141",2017-08-13,2923,4,0.1,8.13,"Marib",234
"1142",2017-08-13,8778,101,1.2,13.85,"Raymah",495
"1143",2017-08-13,1939,5,0.3,2.18,"Sa'ada",413
"1144",2017-08-13,29234,122,0.4,23.37,"Sana'a",729
"1145",2017-08-13,519,1,0.2,0.8,"Shabwah",23
"1146",2017-08-13,33236,174,0.5,10.86,"Taizz",1380
"1147",2017-08-13,125,1,0.8,0.08,"Hadramaut",35
"1148",2017-08-15,18055,33,0.2,29.535,"Abyan",480
"1149",2017-08-15,14234,52,0.4,14.879,"Aden",194
"1150",2017-08-15,15289,26,0.2,19.852,"Al Bayda",148
"1151",2017-08-15,29755,77,0.3,39.496,"Al Dhale'e",692
"1152",2017-08-15,61046,235,0.4,18.247,"Al Hudaydah",901
"1153",2017-08-15,5850,18,0.3,9.017,"Al Jawf",244
"1154",2017-08-15,964,1,0.1,5.937,"Al Maharah",21
"1155",2017-08-15,31178,131,0.4,40.985,"Al Mahwit",290
"1156",2017-08-15,61384,62,0.1,18.554,"Amanat Al Asimah",1284
"1157",2017-08-15,52904,153,0.3,34.582,"Amran",1077
"1158",2017-08-15,42639,140,0.3,20.103,"Dhamar",1224
"1159",2017-08-15,54488,378,0.7,22.018,"Hajjah",1354
"1160",2017-08-15,36864,250,0.7,12.027,"Ibb",486
"1161",2017-08-15,10982,17,0.2,10.434,"Lahj",507
"1162",2017-08-15,3021,4,0.1,8.401,"Marib",98
"1163",2017-08-15,8967,103,1.2,14.149,"Raymah",189
"1164",2017-08-15,2024,5,0.3,2.273,"Sa'ada",85
"1165",2017-08-15,29349,122,0.4,23.464,"Sana'a",115
"1166",2017-08-15,583,1,0.2,0.902,"Shabwah",64
"1167",2017-08-15,33707,175,0.5,11.017,"Taizz",471
"1168",2017-08-15,137,1,0.73,0.087,"Hadramaut",12
"1169",2017-08-16,18257,34,0.2,29.866,"Abyan",202
"1170",2017-08-16,14330,52,0.4,14.979,"Aden",96
"1171",2017-08-16,15644,26,0.2,20.313,"Al Bayda",355
"1172",2017-08-16,29755,77,0.3,39.496,"Al Dhale'e",0
"1173",2017-08-16,61550,235,0.4,18.398,"Al Hudaydah",504
"1174",2017-08-16,5980,18,0.3,9.218,"Al Jawf",130
"1175",2017-08-16,975,1,0.1,6.004,"Al Maharah",11
"1176",2017-08-16,31447,131,0.4,41.338,"Al Mahwit",269
"1177",2017-08-16,61771,62,0.1,18.671,"Amanat Al Asimah",387
"1178",2017-08-16,53430,153,0.3,34.925,"Amran",526
"1179",2017-08-16,43170,140,0.3,20.353,"Dhamar",531
"1180",2017-08-16,55131,378,0.7,22.278,"Hajjah",643
"1181",2017-08-16,37054,251,0.7,12.088,"Ibb",190
"1182",2017-08-16,11230,17,0.2,10.669,"Lahj",248
"1183",2017-08-16,3049,4,0.1,8.479,"Marib",28
"1184",2017-08-16,9062,104,1.2,14.299,"Raymah",95
"1185",2017-08-16,2111,5,0.2,2.371,"Sa'ada",87
"1186",2017-08-16,29474,122,0.4,23.564,"Sana'a",125
"1187",2017-08-16,584,1,0.2,0.903,"Shabwah",1
"1188",2017-08-16,33908,175,0.5,11.083,"Taizz",201
"1189",2017-08-16,143,1,0.7,0.0905,"Hadramaut",6
"1190",2017-08-17,18469,34,0.2,30.213,"Abyan",212
"1191",2017-08-17,14414,52,0.4,15.067,"Aden",84
"1192",2017-08-17,15744,26,0.2,20.443,"Al Bayda",100
"1193",2017-08-17,29755,77,0.3,39.496,"Al Dhale'e",0
"1194",2017-08-17,62190,235,0.4,18.589,"Al Hudaydah",640
"1195",2017-08-17,6091,18,0.3,9.389,"Al Jawf",111
"1196",2017-08-17,995,1,0.1,6.127,"Al Maharah",20
"1197",2017-08-17,31739,131,0.4,41.722,"Al Mahwit",292
"1198",2017-08-17,62193,62,0.1,18.798,"Amanat Al Asimah",422
"1199",2017-08-17,53940,154,0.3,35.259,"Amran",510
"1200",2017-08-17,43177,140,0.3,20.357,"Dhamar",7
"1201",2017-08-17,55866,380,0.7,22.575,"Hajjah",735
"1202",2017-08-17,37237,252,0.7,12.148,"Ibb",183
"1203",2017-08-17,11457,17,0.2,10.885,"Lahj",227
"1204",2017-08-17,3098,4,0.1,8.615,"Marib",49
"1205",2017-08-17,9201,104,1.1,14.518,"Raymah",139
"1206",2017-08-17,2164,5,0.2,2.431,"Sa'ada",53
"1207",2017-08-17,29688,122,0.4,23.735,"Sana'a",214
"1208",2017-08-17,584,1,0.2,0.903,"Shabwah",0
"1209",2017-08-17,34215,175,0.5,11.184,"Taizz",307
"1210",2017-08-17,143,1,0.7,0.0905,"Hadramaut",0
"1211",2017-08-18,18634,34,0.2,30.482,"Abyan",165
"1212",2017-08-18,14479,52,0.4,15.135,"Aden",65
"1213",2017-08-18,15832,26,0.2,20.557,"Al Bayda",88
"1214",2017-08-18,30783,77,0.3,40.861,"Al Dhale'e",1028
"1215",2017-08-18,62873,237,0.4,18.793,"Al Hudaydah",683
"1216",2017-08-18,6183,18,0.3,9.531,"Al Jawf",92
"1217",2017-08-18,995,1,0.1,6.127,"Al Maharah",0
"1218",2017-08-18,32054,132,0.4,42.136,"Al Mahwit",315
"1219",2017-08-18,62367,62,0.1,18.851,"Amanat Al Asimah",174
"1220",2017-08-18,54380,154,0.3,35.546,"Amran",440
"1221",2017-08-18,43714,141,0.3,20.61,"Dhamar",537
"1222",2017-08-18,56652,381,0.7,22.893,"Hajjah",786
"1223",2017-08-18,37347,252,0.7,12.184,"Ibb",110
"1224",2017-08-18,11686,17,0.2,11.103,"Lahj",229
"1225",2017-08-18,3128,4,0.1,8.699,"Marib",30
"1226",2017-08-18,9278,105,1.1,14.64,"Raymah",77
"1227",2017-08-18,2210,5,0.2,2.482,"Sa'ada",46
"1228",2017-08-18,29699,122,0.4,23.744,"Sana'a",11
"1229",2017-08-18,614,1,0.2,0.949,"Shabwah",30
"1230",2017-08-18,34417,175,0.5,11.25,"Taizz",202
"1231",2017-08-18,143,1,0.7,0.0905,"Hadramaut",0
"1232",2017-08-19,18865,34,0.2,30.86,"Abyan",231
"1233",2017-08-19,14555,53,0.4,15.214,"Aden",76
"1234",2017-08-19,16011,26,0.2,20.789,"Al Bayda",179
"1235",2017-08-19,31038,77,0.3,41.199,"Al Dhale'e",255
"1236",2017-08-19,63681,237,0.4,19.034,"Al Hudaydah",808
"1237",2017-08-19,6345,18,0.3,9.78,"Al Jawf",162
"1238",2017-08-19,1021,1,0.1,6.288,"Al Maharah",26
"1239",2017-08-19,32357,132,0.4,42.534,"Al Mahwit",303
"1240",2017-08-19,62557,62,0.1,18.908,"Amanat Al Asimah",190
"1241",2017-08-19,54878,154,0.3,35.872,"Amran",498
"1242",2017-08-19,44410,141,0.3,20.938,"Dhamar",696
"1243",2017-08-19,57382,381,0.7,23.188,"Hajjah",730
"1244",2017-08-19,37510,252,0.7,12.237,"Ibb",163
"1245",2017-08-19,11688,17,0.2,11.105,"Lahj",2
"1246",2017-08-19,3159,4,0.1,8.785,"Marib",31
"1247",2017-08-19,9386,105,1.1,14.81,"Raymah",108
"1248",2017-08-19,2210,5,0.2,2.482,"Sa'ada",0
"1249",2017-08-19,29868,122,0.4,23.879,"Sana'a",169
"1250",2017-08-19,616,1,0.2,0.953,"Shabwah",2
"1251",2017-08-19,34616,175,0.5,11.315,"Taizz",199
"1252",2017-08-19,155,1,0.65,0.098,"Hadramaut",12
"1253",2017-08-20,19102,34,0.2,31.248,"Abyan",237
"1254",2017-08-20,14666,53,0.4,15.33,"Aden",111
"1255",2017-08-20,16173,26,0.2,21,"Al Bayda",162
"1256",2017-08-20,31368,77,0.3,41.637,"Al Dhale'e",330
"1257",2017-08-20,64624,237,0.4,19.316,"Al Hudaydah",943
"1258",2017-08-20,6439,18,0.3,9.925,"Al Jawf",94
"1259",2017-08-20,1021,1,0.1,6.288,"Al Maharah",0
"1260",2017-08-20,32674,132,0.4,42.951,"Al Mahwit",317
"1261",2017-08-20,62977,63,0.1,19.035,"Amanat Al Asimah",420
"1262",2017-08-20,55473,154,0.3,36.261,"Amran",595
"1263",2017-08-20,45035,142,0.3,21.233,"Dhamar",625
"1264",2017-08-20,57770,381,0.7,23.345,"Hajjah",388
"1265",2017-08-20,37813,252,0.7,12.336,"Ibb",303
"1266",2017-08-20,11689,17,0.2,11.105,"Lahj",1
"1267",2017-08-20,3201,4,0.1,8.902,"Marib",42
"1268",2017-08-20,9492,105,1.1,14.977,"Raymah",106
"1269",2017-08-20,2313,5,0.2,2.598,"Sa'ada",103
"1270",2017-08-20,29992,122,0.4,23.978,"Sana'a",124
"1271",2017-08-20,617,1,0.2,0.954,"Shabwah",1
"1272",2017-08-20,34728,175,0.5,11.351,"Taizz",112
"1273",2017-08-20,155,1,0.65,0.098,"Hadramaut",0
"1274",2017-08-21,19103,34,0.2,31.25,"Abyan",1
"1275",2017-08-21,14779,56,0.4,15.448,"Aden",113
"1276",2017-08-21,16351,26,0.2,21.231,"Al Bayda",178
"1277",2017-08-21,31725,77,0.2,42.111,"Al Dhale'e",357
"1278",2017-08-21,65568,237,0.4,19.599,"Al Hudaydah",944
"1279",2017-08-21,6596,18,0.3,10.167,"Al Jawf",157
"1280",2017-08-21,1028,1,0.1,6.331,"Al Maharah",7
"1281",2017-08-21,32883,132,0.4,43.226,"Al Mahwit",209
"1282",2017-08-21,63480,63,0.1,19.187,"Amanat Al Asimah",503
"1283",2017-08-21,55996,154,0.3,36.603,"Amran",523
"1284",2017-08-21,45704,142,0.3,21.548,"Dhamar",669
"1285",2017-08-21,58490,381,0.7,23.636,"Hajjah",720
"1286",2017-08-21,38012,252,0.7,12.401,"Ibb",199
"1287",2017-08-21,12150,17,0.1,11.543,"Lahj",461
"1288",2017-08-21,3281,4,0.1,9.124,"Marib",80
"1289",2017-08-21,9581,105,1.1,15.118,"Raymah",89
"1290",2017-08-21,2359,5,0.2,2.65,"Sa'ada",46
"1291",2017-08-21,30086,122,0.4,24.053,"Sana'a",94
"1292",2017-08-21,646,1,0.2,0.999,"Shabwah",29
"1293",2017-08-21,34850,175,0.5,11.391,"Taizz",122
"1294",2017-08-21,155,1,0.65,0.098,"Hadramaut",0
